CC1.8.Chr06	6407542
CC1.8.Chr04	12873106
CC1.8.Chr09	112225
CC1.8.Chr07	921765
CC1.8.Chr05	1042578
CC1.8.Chr05	1048134
CC1.8.Chr03	2181117
CC1.8.Chr10	3271593
CC1.8.Chr04	3530228
CC1.8.Chr06	14123927
CC1.8.Chr08	4162228
CC1.8.Chr06	4522367
CC1.8.Chr03	5004927
CC1.8.Chr03	5082772
CC1.8.Chr02	6078204
CC1.8.Chr02	6111538
CC1.8.Chr09	5902488
CC1.8.Chr03	6942340
CC1.8.Chr05	12464285
CC1.8.Chr03	7020893
CC1.8.Chr05	12596619
CC1.8.Chr09	7961231
CC1.8.Chr04	7706438
CC1.8.Chr07	7722664
CC1.8.Chr10	7806082
CC1.8.Chr07	8007248
CC1.8.Chr04	8926844
CC1.8.Chr06	5305631
CC1.8.Chr06	13220297
CC1.8.Chr07	10119497
CC1.8.Chr09	10040380
CC1.8.Chr09	10111496
CC1.8.Chr04	9546280
CC1.8.Chr08	10087996
CC1.8.Chr10	10268728
CC1.8.Chr01	15607749
CC1.8.Chr11	22533980
CC1.8.Chr06	43010843
CC1.8.Chr03	10640170
CC1.8.Chr05	30414985
CC1.8.Chr07	11099949
CC1.8.Chr09	11434694
CC1.8.Chr08	11314340
CC1.8.Chr02	11803816
CC1.8.Chr01	18095973
CC1.8.Chr02	11897992
CC1.8.Chr06	12237211
CC1.8.Chr07	12163825
CC1.8.Chr04	11006337
CC1.8.Chr03	12488021
CC1.8.Chr10	16149385
CC1.8.Chr11	27669803
CC1.8.Chr05	32246232
CC1.8.Chr06	3580314
CC1.8.Chr09	12869886
CC1.8.Chr09	12985733
CC1.8.Chr05	32610533
CC1.8.Chr06	10196556
CC1.8.Chr02	13358707
CC1.8.Chr09	14162602
CC1.8.Chr04	12525327
CC1.8.Chr08	30501186
CC1.8.Chr11	20083117
CC1.8.Chr11	20079148
CC1.8.Chr11	20079148
CC1.8.Chr07	14516747
CC1.8.Chr09	14356388
CC1.8.Chr02	14691749
CC1.8.Chr08	31848353
CC1.8.Chr06	1050068
CC1.8.Chr06	4353354
CC1.8.Chr07	14426763
CC1.8.Chr01	42550320
CC1.8.Chr01	42552589
CC1.8.Chr03	17246222
CC1.8.Chr05	36476997
CC1.8.Chr11	2696211
CC1.8.Chr05	36370469
CC1.8.Chr09	36222262
CC1.8.Chr02	16388435
CC1.8.Chr04	12873106
CC1.8.Chr01	20504375
CC1.8.Chr10	40574949
CC1.8.Chr01	20835947
CC1.8.Chr10	40430980
CC1.8.Chr06	3761252
CC1.8.Chr04	40212701
CC1.8.Chr11	1445873
CC1.8.Chr11	1476152
CC1.8.Chr11	1517327
CC1.8.Chr08	34070089
CC1.8.Chr02	17704139
CC1.8.Chr02	17757374
CC1.8.Chr09	34593256
CC1.8.Chr09	34123504
CC1.8.Chr06	12237211
CC1.8.Chr09	33812842
CC1.8.Chr02	18663118
CC1.8.Chr03	28521231
CC1.8.Chr03	28639917
CC1.8.Chr08	36980695
CC1.8.Chr03	28710074
CC1.8.Chr10	17504620
CC1.8.Chr10	17383994
CC1.8.Chr04	15221690
CC1.8.Chr04	26946181
CC1.8.Chr04	26876518
CC1.8.Chr04	14996896
CC1.8.Chr01	45411807
CC1.8.Chr05	22658097
CC1.8.Chr03	30140592
CC1.8.Chr02	20347108
CC1.8.Chr11	28935356
CC1.8.Chr08	35489093
CC1.8.Chr11	29008966
CC1.8.Chr05	41787715
CC1.8.Chr06	6407542
CC1.8.Chr01	46375409
CC1.8.Chr09	38543226
CC1.8.Chr10	43301287
CC1.8.Chr04	19078733
CC1.8.Chr07	31489071
CC1.8.Chr04	19045977
CC1.8.Chr01	47065546
CC1.8.Chr08	37484620
CC1.8.Chr08	37477912
CC1.8.Chr09	41081346
CC1.8.Chr02	31615865
CC1.8.Chr11	30881582
CC1.8.Chr05	43361731
CC1.8.Chr08	40432161
CC1.8.Chr05	43645831
CC1.8.Chr07	22726217
CC1.8.Chr07	34608562
CC1.8.Chr02	23479340
CC1.8.Chr02	23479857
CC1.8.Chr08	42545181
CC1.8.Chr01	50436307
CC1.8.Chr01	50569864
CC1.8.Chr05	45545990
CC1.8.Chr05	45590778
CC1.8.Chr06	401030
CC1.8.Chr05	45778230
CC1.8.Chr03	22316801
CC1.8.Chr11	33438847
CC1.8.Chr08	43850495
CC1.8.Chr08	43955889
CC1.8.Chr10	47344893
CC1.8.Chr01	52043297
CC1.8.Chr01	52279326
CC1.8.Chr04	50292460
CC1.8.Chr05	47014041
CC1.8.Chr06	66968990
CC1.8.Chr02	26376416
CC1.8.Chr04	50393405
CC1.8.Chr10	49044635
CC1.8.Chr05	5970945
CC1.8.Chr10	49264453
CC1.8.Chr11	35894467
CC1.8.Chr10	49324539
CC1.8.Chr07	25691754
CC1.8.Chr02	27791527
CC1.8.Chr04	48166292
CC1.8.Chr11	36500181
CC1.8.Chr08	45673036
CC1.8.Chr04	12886002
CC1.8.Chr11	37258176
CC1.8.Chr08	46717293
CC1.8.Chr05	50166151
CC1.8.Chr05	50217979
CC1.8.Chr06	63533113
CC1.8.Chr11	38825944
CC1.8.Chr01	57864266
CC1.8.Chr08	48342202
CC1.8.Chr06	3376340
CC1.8.Chr11	40551811
CC1.8.Chr02	51260958
CC1.8.Chr11	40712124
CC1.8.Chr06	61084360
CC1.8.Chr11	41650952
CC1.8.Chr01	60594482
CC1.8.Chr01	62706272
CC1.8.Chr01	62716344
CC1.8.Chr01	65145518
CC1.8.Chr02	67088745
CC1.8.Chr02	60758106
CC1.8.Chr07	19628667
CC1.8.Chr02	76049628
